algorithm,spd,di
model_fairness_reweighing,0.061047089840868624,0.6257862962534136
