algorithm,spd,di
model_baseline,-0.17077496782161009,4.861589108826034
