,age,ind-university_grade,ind-languages
age,1.0,-0.24038946162214714,0.0055531284439349375
ind-university_grade,-0.24038946162214714,1.0,-0.14234320568609538
ind-languages,0.0055531284439349375,-0.14234320568609538,1.0
